<controls>
    <Toggle_invert>
        <name>invert</name>
        <value>0</value>
    </Toggle_invert>
    <Toggle_mirror>
        <name>mirror</name>
        <value>0</value>
    </Toggle_mirror>
    <SliderInt_preBlur>
        <name>preBlur</name>
        <value>2</value>
    </SliderInt_preBlur>
    <SliderFloat_bottomThreshold>
        <name>bottomThreshold</name>
        <value>0.827586</value>
    </SliderFloat_bottomThreshold>
    <SliderFloat_topThreshold>
        <name>topThreshold</name>
        <value>1.000000</value>
    </SliderFloat_topThreshold>
    <SliderInt_erodeAmount>
        <name>erodeAmount</name>
        <value>0</value>
    </SliderInt_erodeAmount>
    <SliderInt_dilateAmount>
        <name>dilateAmount</name>
        <value>4</value>
    </SliderInt_dilateAmount>
    <Toggle_dilateBeforeErode>
        <name>dilateBeforeErode</name>
        <value>0</value>
    </Toggle_dilateBeforeErode>
    <Toggle_findHoles>
        <name>findHoles</name>
        <value>0</value>
    </Toggle_findHoles>
    <Toggle_useApproximation>
        <name>useApproximation</name>
        <value>0</value>
    </Toggle_useApproximation>
    <SliderFloat_minBlobSize>
        <name>minBlobSize</name>
        <value>0.054945</value>
    </SliderFloat_minBlobSize>
    <SliderFloat_maxBlobSize>
        <name>maxBlobSize</name>
        <value>1.000000</value>
    </SliderFloat_maxBlobSize>
    <SliderInt_maxNumBlobs>
        <name>maxNumBlobs</name>
        <value>2</value>
    </SliderInt_maxNumBlobs>
    <SliderFloat_lerpSpeed>
        <name>lerpSpeed</name>
        <value>0.116379</value>
    </SliderFloat_lerpSpeed>
</controls>
